{"cameraMode":{"drawMode":0,"name":"Shaded","section":"Shading Mode"},"sceneLighting":true,"audioPlay":false,"sceneViewState":{"m_AlwaysRefresh":false,"showFog":true,"showSkybox":true,"showFlares":true,"showImageEffects":true,"showParticleSystems":true,"showVisualEffectGraphs":true,"m_FxEnabled":true},"in2DMode":false,"pivot":{"x":3.2498247623443605,"y":3.0276825428009035,"z":3.3222591876983644},"rotation":{"x":0.015801571309566499,"y":-0.7523036599159241,"z":0.018477657809853555,"w":0.6586222648620606},"size":3.226231813430786,"orthographic":false}